student_id,first_name,last_name,image_path
123455,elon ,musk,D:\KDU\Computer vision\Facerecognize\static/known_faces\elon _musk.jpg
122,Tom ,david,D:\KDU\Computer vision\Facerecognize\static/known_faces\Tom _david.jpg
12323,john ,doe,D:\KDU\Computer vision\Facerecognize\static/known_faces\john _doe.jpg
23123,john ,parker,D:\KDU\Computer vision\Facerecognize\static/known_faces\john _parker.jpg
34231,kamal ,perera,D:\KDU\Computer vision\Facerecognize\static/known_faces\kamal _perera.jpg
112233,kamal,de,D:\KDU\Computer vision\Facerecognize\static/known_faces\kamal_de.jpg
111222,manej,fin,D:\KDU\Computer vision\Facerecognize\static/known_faces\manej_fin.jpg
cs15,criston,pinto,D:\KDU\Computer vision\Facerecognize\known_faces\criston_pinto.jpg
2325632656,criss,pinto,D:\KDU\Computer vision\Facerecognize\known_faces\criss_pinto.jpg
11111111111111111,ssssss,sss,D:\KDU\Computer vision\Facerecognize\known_faces\ssssss_sss.jpg
ce001,randy,aari,D:\KDU\Computer vision\Facerecognize\known_faces\randy_aari.jpg
cs03,ravindu ,madushanka,D:\KDU\Computer vision\Facerecognize\known_faces\ravindu _madushanka.jpg
th007,Thihan,gamage,D:\KDU\Computer vision\Facerecognize\known_faces\Thihan_gamage.jpg
P12,pansilu,gamage,D:\KDU\Computer vision\Facerecognize\known_faces\pansilu_gamage.jpg
CS0013,Damiru,Gamage,D:\KDU\Computer vision\Facerecognize\known_faces\Damiru_Gamage.jpg
